date,real_weight,measured_weight,tolerance
2024-01-01,12.00,12.01,0.2
2024-01-02,12.00,12.01,0.2
2024-01-03,12.00,12.02,0.2
2024-01-04,12.00,12.02,0.2
2024-01-05,12.00,12.03,0.2
2024-01-06,12.00,12.04,0.2
2024-01-07,12.00,12.05,0.2
2024-01-08,12.00,12.05,0.2
2024-01-09,12.00,12.07,0.2
2024-01-10,12.00,12.08,0.2
2024-01-11,12.00,12.09,0.2
2024-01-12,12.00,12.10,0.2
2024-01-13,12.00,12.12,0.2
2024-01-14,12.00,12.12,0.2
2024-01-15,12.00,12.15,0.2
2024-01-16,12.00,12.16,0.2
2024-01-17,12.00,12.18,0.2
2024-01-18,12.00,12.19,0.2
2024-01-19,12.00,12.20,0.2
2024-01-20,12.00,12.22,0.2
